"","Site","Year.x","Elevation","ID.x","ID_Year","Latitude","Longitude","MAT.weath","MAP.weath","CMD.weath","MAT.weath.1","MAP.weath.1","CMD.weath.1","MAT.weath.2","MAP.weath.2","CMD.weath.2","log.MAP.weath","log.MAP.weath.1","log.MAP.weath.2","MAT.clim","MAP.clim","CMD.clim","CMDA_lag0","CMDA_lag1","CMDA_lag2","CMDA_lag01","CMDA_lag012","MATA_lag0","MATA_lag1","MATA_lag2","MATA_lag01","MATA_lag012","MAPA_lag0","MAPA_lag1","MAPA_lag2","MAPA_lag01","MAPA_lag012","Paper_ID","ID.y","Site_Lat","Year.y","SPEI_lag0","SPEI_lag1","SPEI_lag2","SPEI_lag01","SPEI_lag012"
"1","S02",2010,1168,"S02","S02_2010",32.89928,-116.5849,13.4083333333333,728,987,14.3,382,1141,13.7833333333333,402,1083,2.86213137931304,2.58206336291171,2.60422605308447,13.9913888888889,628.033333333333,1017.53333333333,-30.53333333333,123.46666666667,65.46666666667,92.93333333334,158.40000000001,-0.583055555555601,0.3086111111111,-0.208055555555601,-0.274444444444502,-0.482500000000103,0.0641486844635031,-0.215919331937825,-0.193756641765064,-0.151770647474322,-0.345527289239386,1,"S02","1_32.9","2010",0.897903144359589,-0.9985431432724,-0.538657903671265,-0.100639998912811,-0.639297902584076
"2","S07",2010,1092,"S07","S07_2010",34.28425,-117.375389,13.85,753,940,14.6583333333333,423,1062,14.2916666666667,548,1001,2.8767949762007,2.62634036737504,2.73878055848437,14.5047222222222,649.6,967.033333333333,-27.033333333333,94.966666666667,33.966666666667,67.9333333333341,101.900000000001,-0.654722222222201,0.153611111111099,-0.213055555555501,-0.501111111111102,-0.714166666666603,0.0641489599675817,-0.186305648858077,-0.0738654577487496,-0.122156688890495,-0.196022146639244,2,"S07","2_34.3","2010",0.953803718090057,-0.777251183986664,-0.115245223045349,0.176552534103394,0.0613073110580444
"3","S08",2010,1682,"S08","S08_2010",36.69096,-118.909607,9.46666666666667,1014,674,10.4166666666667,642,721,10.1,777,824,3.00603795499732,2.80753502806885,2.89042101880091,10.0669444444444,969.433333333333,691.4,-17.4,29.6,132.6,12.2,144.8,-0.60027777777773,0.349722222222299,0.0330555555555989,-0.250555555555431,-0.217499999999832,0.0195200064211352,-0.178982920507329,-0.0960969297752681,-0.159462914086194,-0.255559843861462,4,"S08","4_36.7","2010",0.993451297283173,-0.234104260802269,-0.0504385717213154,0.759347036480904,0.708908464759588
"4","S10",2010,1288,"S10","S10_2010",36.20081,-118.650917,12.35,894,769,13.2666666666667,560,847,12.925,641,930,2.95133751879592,2.7481880270062,2.80685802951882,12.8841666666667,860.833333333333,803.3,-34.3,43.7,126.7,9.40000000000009,136.1,-0.5341666666667,0.3825,0.0408333333333015,-0.151666666666699,-0.110833333333398,0.0164184433239223,-0.186731048465795,-0.128061045953178,-0.170312605141873,-0.298373651095051,3,"S10","3_36.2","2010",1.11241710186005,-0.203991413116455,0.0766367688775063,0.908425688743591,0.985062457621098
"5","S11",2010,1990,"S11","S11_2010",34.07808,-116.87558,8.01666666666667,920,738,8.89166666666667,512,902,8.48333333333333,613,823,2.96378782734556,2.70926996097583,2.78746047451842,8.65444444444444,782.2,763.366666666667,-25.366666666667,138.633333333333,59.633333333333,113.266666666666,172.899999999999,-0.637777777777771,0.237222222222229,-0.171111111111109,-0.400555555555542,-0.571666666666651,0.0704700157294433,-0.184047850640281,-0.105857337097697,-0.113577834910838,-0.219435172008534,12,"S11","12_34.1","2010",0.864541113376617,-0.746492981910706,-0.176323130726814,0.118048131465912,-0.0582749992609024
"6","S15",2010,1168,"S15","S15_2010",43.37876,-122.952072,9.91666666666667,2734,251,10.2333333333333,2133,336,9.58333333333333,2583,404,3.4367985102318,3.32899085544943,3.41212440617332,10.2619444444444,2547.8,333.033333333333,-82.033333333333,2.96666666666698,70.966666666667,-79.066666666666,-8.09999999999906,-0.34527777777773,-0.0286111111110987,-0.678611111111069,-0.373888888888828,-1.0524999999999,0.0306331769552504,-0.0771744778271244,0.00595907289676401,-0.046541300871874,-0.04058222797511,11,"S15","11_43.4","2010",0.715335011482239,-0.926919460296631,0.0871511995792389,-0.211584448814392,-0.124433249235153
"7","S16",2010,1092,"S16","S16_2010",41.80979,-123.118874,10.7666666666667,858,554,11.3,639,695,10.6583333333333,884,699,2.9334872878487,2.8055008581584,2.94645226501307,11.1744444444444,966.1,655.066666666667,-101.066666666667,39.933333333333,43.933333333333,-61.1333333333339,-17.2000000000008,-0.407777777777701,0.1255555555556,-0.516111111111101,-0.282222222222101,-0.798333333333202,-0.0515347942608297,-0.179521223951135,-0.0385698170964619,-0.231056018211965,-0.269625835308426,9,"S16","9_41.8","2010",-0.0135957170277834,-1.30438601970673,-0.350667923688888,-1.31798173673451,-1.6686496604234
"8","S17",2010,680,"S17","S17_2010",41.66546,-123.113411,12.0583333333333,164,927,12.6083333333333,126,1014,11.9583333333333,142,1002,2.2148438480477,2.10037054511756,2.15228834438306,12.4708333333333,173.266666666667,996.4,-69.4,17.6,5.60000000000002,-51.8,-46.1999999999999,-0.4125,0.137500000000001,-0.512499999999999,-0.274999999999999,-0.787499999999998,-0.0238711723976341,-0.138344475327769,-0.0864266760622758,-0.162215647725403,-0.248642323787679,8,"S17","8_41.7","2010",-0.0135957170277834,-1.30438601970673,-0.350667923688888,-1.31798173673451,-1.6686496604234
"9","S18",2010,1593,"S18","S18_2010",39.74298,-120.70401,8.19166666666667,1310,574,9.16666666666667,1121,615,8.60833333333333,834,762,3.11727129565576,3.04960561259497,2.92116605063774,8.71388888888889,1361.56666666667,633.466666666667,-59.466666666667,-18.466666666667,128.533333333333,-77.9333333333341,50.5999999999989,-0.52222222222222,0.452777777777779,-0.10555555555556,-0.0694444444444411,-0.175000000000001,-0.0167676149902043,-0.0844332980509956,-0.21287286000823,-0.1012009130412,-0.31407377304943,7,"S18","7_39.7","2010",0.330176442861557,-0.59133505821228,-1.14935398101807,-0.261158615350723,-1.41051259636879
"10","S29",2010,440,"S29","S29_2010",39.39442,-121.083023,15.1,1377,756,16.0083333333333,1056,860,15.4833333333333,892,990,3.13893394025692,3.02366391819779,2.95036485437612,15.5572222222222,1412.4,854.833333333333,-98.833333333333,5.16666666666697,135.166666666667,-93.6666666666661,41.5000000000009,-0.4572222222222,0.451111111111102,-0.0738888888888987,-0.00611111111109786,-0.0799999999999965,-0.0110237686341361,-0.126293790693266,-0.199592854514937,-0.137317559327403,-0.336910413842339,6,"S29","6_39.4","2010",0.591788411140442,-0.582924783229828,-0.805928826332092,0.00886362791061401,-0.797065198421478
"11","S32",2010,1214,"S32","S32_2010",37.539,-119.653999,11.8416666666667,1008,757,12.875,756,828,12.475,803,959,3.00346053210951,2.87852179550121,2.90471554527868,12.3713888888889,1059.66666666667,807.6,-50.6,20.4,151.4,-30.2,121.2,-0.529722222222199,0.5036111111111,0.1036111111111,-0.0261111111110992,0.0775000000000006,-0.0217087410856052,-0.146647477693906,-0.120453727916431,-0.168356218779511,-0.288809946695942,5,"S32","5_37.5","2010",1.47927594184875,-0.144024387001991,0.304770410060883,1.33525155484676,1.64002196490765
"12","S36",2010,393,"S36","S36_2010",42.27411,-123.636169,11.7,1426,594,12.15,1066,762,11.5083333333333,1398,771,3.15411952551585,3.02775720469055,3.14550717140966,12.1025,1519.13333333333,713.666666666667,-119.666666666667,48.333333333333,57.333333333333,-71.3333333333339,-14.0000000000009,-0.4025,0.0475000000000012,-0.594166666666698,-0.354999999999999,-0.949166666666697,-0.027476367760805,-0.153838688586098,-0.0360887218669892,-0.181315056346903,-0.217403778213892,10,"S36","10_42.3","2010",0.0827603042125702,-1.31461274623871,-0.344065368175507,-1.23185244202614,-1.57591781020164
"13","S02",2011,1168,"S02","S02_2011",32.89928,-116.5849,13.7666666666667,717,862,13.4083333333333,728,987,14.3,382,1141,2.8555191556678,2.86213137931304,2.58206336291171,13.9913888888889,628.033333333333,1017.53333333333,-155.53333333333,-30.53333333333,123.46666666667,-186.06666666666,-62.59999999999,-0.224722222222201,-0.583055555555601,0.3086111111111,-0.807777777777803,-0.499166666666703,0.057536460818266,0.0641486844635031,-0.215919331937825,0.121685145281769,-0.0942341866560561,1,"S02","1_32.9","2011",0.510002851486206,0.897903144359589,-0.9985431432724,1.40790599584579,0.409362852573395
"14","S07",2011,1092,"S07","S07_2011",34.28425,-117.375389,14.1416666666667,730,824,13.85,753,940,14.6583333333333,423,1062,2.86332286012046,2.8767949762007,2.62634036737504,14.5047222222222,649.6,967.033333333333,-143.033333333333,-27.033333333333,94.966666666667,-170.066666666666,-75.0999999999989,-0.363055555555501,-0.654722222222201,0.153611111111099,-1.0177777777777,-0.864166666666604,0.0506768438873371,0.0641489599675817,-0.186305648858077,0.114825803854919,-0.0714798450031577,2,"S07","2_34.3","2011",0.716030359268188,0.953803718090057,-0.777251183986664,1.66983407735825,0.892582893371582
"15","S08",2011,1682,"S08","S08_2011",36.69096,-118.909607,9.64166666666667,1147,623,9.46666666666667,1014,674,10.4166666666667,642,721,3.05956341790127,3.00603795499732,2.80753502806885,10.0669444444444,969.433333333333,691.4,-68.4,-17.4,29.6,-85.8,-56.1999999999999,-0.425277777777731,-0.60027777777773,0.349722222222299,-1.02555555555546,-0.675833333333163,0.0730454693250855,0.0195200064211352,-0.178982920507329,0.0925654757462206,-0.0864174447611084,4,"S08","4_36.7","2011",1.25245761871338,0.993451297283173,-0.234104260802269,2.24590891599655,2.01180465519428
"16","S10",2011,1288,"S10","S10_2011",36.20081,-118.650917,12.4833333333333,979,723,12.35,894,769,13.2666666666667,560,847,2.99078269180314,2.95133751879592,2.7481880270062,12.8841666666667,860.833333333333,803.3,-80.3,-34.3,43.7,-114.6,-70.8999999999999,-0.400833333333399,-0.5341666666667,0.3825,-0.935000000000098,-0.552500000000098,0.0558636163311421,0.0164184433239223,-0.186731048465795,0.0722820596550644,-0.114448988810731,3,"S10","3_36.2","2011",1.18173742294312,1.11241710186005,-0.203991413116455,2.29415452480316,2.09016311168671
"17","S11",2011,1990,"S11","S11_2011",34.07808,-116.87558,8.36666666666667,907,633,8.01666666666667,920,738,8.89166666666667,512,902,2.9576072870601,2.96378782734556,2.70926996097583,8.65444444444444,782.2,763.366666666667,-130.366666666667,-25.366666666667,138.633333333333,-155.733333333334,-17.100000000001,-0.28777777777777,-0.637777777777771,0.237222222222229,-0.92555555555554,-0.688333333333311,0.0642894754439833,0.0704700157294433,-0.184047850640281,0.134759491173427,-0.0492883594668543,12,"S11","12_34.1","2011",0.639967262744904,0.864541113376617,-0.746492981910706,1.50450837612152,0.758015394210815
"18","S15",2011,1168,"S15","S15_2011",43.37876,-122.952072,9.88333333333333,3008,336,9.91666666666667,2734,251,10.2333333333333,2133,336,3.4782778319196,3.4367985102318,3.32899085544943,10.2619444444444,2547.8,333.033333333333,2.96666666666698,-82.033333333333,2.96666666666698,-79.066666666666,-76.0999999999991,-0.37861111111107,-0.34527777777773,-0.0286111111110987,-0.7238888888888,-0.752499999999898,0.0721124986430515,0.0306331769552504,-0.0771744778271244,0.102745675598302,0.0255711977711774,11,"S15","11_43.4","2011",1.11125934123993,0.715335011482239,-0.926919460296631,1.82659435272217,0.899674892425537
"19","S16",2011,1092,"S16","S16_2011",41.80979,-123.118874,10.9,1092,565,10.7666666666667,858,554,11.3,639,695,3.03822263836872,2.9334872878487,2.8055008581584,11.1744444444444,966.1,655.066666666667,-90.066666666667,-101.066666666667,39.933333333333,-191.133333333334,-151.200000000001,-0.2744444444444,-0.407777777777701,0.1255555555556,-0.682222222222101,-0.556666666666501,0.0532005562591835,-0.0515347942608297,-0.179521223951135,0.00166576199835378,-0.177855461952781,9,"S16","9_41.8","2011",0.638083934783936,-0.0135957170277834,-1.30438601970673,0.624488217756152,-0.679897801950574
"20","S17",2011,680,"S17","S17_2011",41.66546,-123.113411,12.2,182,926,12.0583333333333,164,927,12.6083333333333,126,1014,2.26007138798507,2.2148438480477,2.10037054511756,12.4708333333333,173.266666666667,996.4,-70.4,-69.4,17.6,-139.8,-122.2,-0.2708333333333,-0.4125,0.137500000000001,-0.6833333333333,-0.545833333333299,0.0213563675397426,-0.0238711723976341,-0.138344475327769,-0.00251480485789157,-0.140859280185661,8,"S17","8_41.7","2011",0.638083934783936,-0.0135957170277834,-1.30438601970673,0.624488217756152,-0.679897801950574
"21","S18",2011,1593,"S18","S18_2011",39.74298,-120.70401,8.475,1671,548,8.19166666666667,1310,574,9.16666666666667,1121,615,3.22297644989339,3.11727129565576,3.04960561259497,8.71388888888889,1361.56666666667,633.466666666667,-85.466666666667,-59.466666666667,-18.466666666667,-144.933333333334,-163.400000000001,-0.238888888888891,-0.52222222222222,0.452777777777779,-0.761111111111111,-0.308333333333332,0.0889375392474228,-0.0167676149902043,-0.0844332980509956,0.0721699242572185,-0.0122633737937772,7,"S18","7_39.7","2011",1.13096833229065,0.330176442861557,-0.59133505821228,1.46114477515221,0.869809716939926
"22","S29",2011,440,"S29","S29_2011",39.39442,-121.083023,15.3666666666667,1689,774,15.1,1377,756,16.0083333333333,1056,860,3.22762964957101,3.13893394025692,3.02366391819779,15.5572222222222,1412.4,854.833333333333,-80.833333333333,-98.833333333333,5.16666666666697,-179.666666666666,-174.499999999999,-0.1905555555555,-0.4572222222222,0.451111111111102,-0.6477777777777,-0.196666666666598,0.0776719406799491,-0.0110237686341361,-0.126293790693266,0.066648172045813,-0.0596456186474534,6,"S29","6_39.4","2011",0.85214638710022,0.591788411140442,-0.582924783229828,1.44393479824066,0.861010015010834
"23","S32",2011,1214,"S32","S32_2011",37.539,-119.653999,12.125,1331,731,11.8416666666667,1008,757,12.875,756,828,3.12417805547468,3.00346053210951,2.87852179550121,12.3713888888889,1059.66666666667,807.6,-76.6,-50.6,20.4,-127.2,-106.8,-0.2463888888889,-0.529722222222199,0.5036111111111,-0.776111111111099,-0.272499999999999,0.0990087822795633,-0.0217087410856052,-0.146647477693906,0.0773000411939582,-0.0693474364999473,5,"S32","5_37.5","2011",1.64948976039886,1.47927594184875,-0.144024387001991,3.12876570224762,2.98474131524563
"24","S36",2011,393,"S36","S36_2011",42.27411,-123.636169,11.6833333333333,1742,627,11.7,1426,594,12.15,1066,762,3.24104815067164,3.15411952551585,3.02775720469055,12.1025,1519.13333333333,713.666666666667,-86.666666666667,-119.666666666667,48.333333333333,-206.333333333334,-158.000000000001,-0.419166666666699,-0.4025,0.0475000000000012,-0.821666666666699,-0.774166666666698,0.0594522573949923,-0.027476367760805,-0.153838688586098,0.0319758896341873,-0.121862798951911,10,"S36","10_42.3","2011",0.742862224578857,0.0827603042125702,-1.31461274623871,0.825622528791428,-0.488990217447281
"25","S02",2012,1168,"S02","S02_2012",32.89928,-116.5849,13.9083333333333,467,944,13.7666666666667,717,862,13.4083333333333,728,987,2.66931688056611,2.8555191556678,2.86213137931304,13.9913888888889,628.033333333333,1017.53333333333,-73.53333333333,-155.53333333333,-30.53333333333,-229.06666666666,-259.59999999999,-0.0830555555556014,-0.224722222222201,-0.583055555555601,-0.307777777777803,-0.890833333333404,-0.128665814283422,0.057536460818266,0.0641486844635031,-0.0711293534651558,-0.00698066900165273,1,"S02","1_32.9","2012",-0.570622563362122,0.510002851486206,0.897903144359589,-0.0606197118759155,0.837283432483673
"26","S07",2012,1092,"S07","S07_2012",34.28425,-117.375389,14.3666666666667,409,864,14.1416666666667,730,824,13.85,753,940,2.61172330800734,2.86332286012046,2.8767949762007,14.5047222222222,649.6,967.033333333333,-103.033333333333,-143.033333333333,-27.033333333333,-246.066666666666,-273.099999999999,-0.138055555555502,-0.363055555555501,-0.654722222222201,-0.501111111111003,-1.1558333333332,-0.200922708225777,0.0506768438873371,0.0641489599675817,-0.15024586433844,-0.0860969043708582,2,"S07","2_34.3","2012",-0.55778968334198,0.716030359268188,0.953803718090057,0.158240675926208,1.11204439401627
"27","S08",2012,1682,"S08","S08_2012",36.69096,-118.909607,10.0666666666667,652,651,9.64166666666667,1147,623,9.46666666666667,1014,674,2.81424759573192,3.05956341790127,3.00603795499732,10.0669444444444,969.433333333333,691.4,-40.4,-68.4,-17.4,-108.8,-126.2,-0.00027777777770055,-0.425277777777731,-0.60027777777773,-0.425555555555432,-1.02583333333316,-0.172270352844262,0.0730454693250855,0.0195200064211352,-0.0992248835191765,-0.0797048770980413,4,"S08","4_36.7","2012",-0.518129110336304,1.25245761871338,0.993451297283173,0.734328508377075,1.72777980566025
"28","S10",2012,1288,"S10","S10_2012",36.20081,-118.650917,12.9083333333333,573,740,12.4833333333333,979,723,12.35,894,769,2.75815462196739,2.99078269180314,2.95133751879592,12.8841666666667,860.833333333333,803.3,-63.3,-80.3,-34.3,-143.6,-177.9,0.0241666666666003,-0.400833333333399,-0.5341666666667,-0.376666666666798,-0.910833333333498,-0.176764453504606,0.0558636163311421,0.0164184433239223,-0.120900837173464,-0.104482393849541,3,"S10","3_36.2","2012",-0.322444051504135,1.18173742294312,1.11241710186005,0.85929337143898,1.97171047329903
"29","S11",2012,1990,"S11","S11_2012",34.07808,-116.87558,8.6,563,614,8.36666666666667,907,633,8.01666666666667,920,738,2.75050839485135,2.9576072870601,2.96378782734556,8.65444444444444,782.2,763.366666666667,-149.366666666667,-130.366666666667,-25.366666666667,-279.733333333334,-305.100000000001,-0.0544444444444405,-0.28777777777777,-0.637777777777771,-0.34222222222221,-0.979999999999981,-0.142809416764766,0.0642894754439833,0.0704700157294433,-0.0785199413207822,-0.00804992559133888,12,"S11","12_34.1","2012",-0.353682160377502,0.639967262744904,0.864541113376617,0.286285102367401,1.15082621574402
"30","S15",2012,1168,"S15","S15_2012",43.37876,-122.952072,10.0416666666667,2479,357,9.88333333333333,3008,336,9.91666666666667,2734,251,3.39427652676782,3.4782778319196,3.4367985102318,10.2619444444444,2547.8,333.033333333333,23.966666666667,2.96666666666698,-82.033333333333,26.933333333334,-55.0999999999991,-0.220277777777699,-0.37861111111107,-0.34527777777773,-0.598888888888769,-0.944166666666499,-0.0118888065087317,0.0721124986430515,0.0306331769552504,0.0602236921343198,0.0908568690895701,11,"S15","11_43.4","2012",-0.00843239761888981,1.11125934123993,0.715335011482239,1.10282694362104,1.81816195510328
"31","S16",2012,1092,"S16","S16_2012",41.80979,-123.118874,11.1083333333333,905,619,10.9,1092,565,10.7666666666667,858,554,2.9566485792052,3.03822263836872,2.9334872878487,11.1744444444444,966.1,655.066666666667,-36.066666666667,-90.066666666667,-101.066666666667,-126.133333333334,-227.200000000001,-0.0661111111111001,-0.2744444444444,-0.407777777777701,-0.3405555555555,-0.748333333333202,-0.0283735029043317,0.0532005562591835,-0.0515347942608297,0.0248270533548518,-0.0267077409059779,9,"S16","9_41.8","2012",-0.263492614030838,0.638083934783936,-0.0135957170277834,0.374591320753098,0.360995603725314
"32","S17",2012,680,"S17","S17_2012",41.66546,-123.113411,12.425,156,973,12.2,182,926,12.0583333333333,164,927,2.19312459835446,2.26007138798507,2.2148438480477,12.4708333333333,173.266666666667,996.4,-23.4,-70.4,-69.4,-93.8,-163.2,-0.0458333333332988,-0.2708333333333,-0.4125,-0.316666666666599,-0.729166666666599,-0.0455904220908705,0.0213563675397426,-0.0238711723976341,-0.0242340545511279,-0.0481052269487621,8,"S17","8_41.7","2012",-0.263492614030838,0.638083934783936,-0.0135957170277834,0.374591320753098,0.360995603725314
"33","S18",2012,1593,"S18","S18_2012",39.74298,-120.70401,8.84166666666667,881,671,8.475,1671,548,8.19166666666667,1310,574,2.94497590841205,3.22297644989339,3.11727129565576,8.71388888888889,1361.56666666667,633.466666666667,37.533333333333,-85.466666666667,-59.466666666667,-47.9333333333341,-107.400000000001,0.12777777777778,-0.238888888888891,-0.52222222222222,-0.111111111111111,-0.633333333333331,-0.189063002233921,0.0889375392474228,-0.0167676149902043,-0.100125462986498,-0.116893077976703,7,"S18","7_39.7","2012",-0.942047834396362,1.13096833229065,0.330176442861557,0.188920497894287,0.519096940755844
"34","S29",2012,440,"S29","S29_2012",39.39442,-121.083023,15.7083333333333,960,851,15.3666666666667,1689,774,15.1,1377,756,2.98227123303957,3.22762964957101,3.13893394025692,15.5572222222222,1412.4,854.833333333333,-3.83333333333303,-80.833333333333,-98.833333333333,-84.6666666666661,-183.499999999999,0.151111111111101,-0.1905555555555,-0.4572222222222,-0.0394444444443991,-0.496666666666599,-0.167686475851491,0.0776719406799491,-0.0110237686341361,-0.0900145351715422,-0.101038303805678,6,"S29","6_39.4","2012",-0.964013934135437,0.85214638710022,0.591788411140442,-0.111867547035217,0.479920864105225
"35","S32",2012,1214,"S32","S32_2012",37.539,-119.653999,12.5416666666667,701,788,12.125,1331,731,11.8416666666667,1008,757,2.84571801796666,3.12417805547468,3.00346053210951,12.3713888888889,1059.66666666667,807.6,-19.6,-76.6,-50.6,-96.2,-146.8,0.1702777777778,-0.2463888888889,-0.529722222222199,-0.0761111111110999,-0.605833333333299,-0.179451255228453,0.0990087822795633,-0.0217087410856052,-0.08044247294889,-0.102151214034495,5,"S32","5_37.5","2012",0.291123420000076,1.64948976039886,1.47927594184875,1.94061318039894,3.4198891222477
"36","S36",2012,393,"S36","S36_2012",42.27411,-123.636169,11.8,1486,683,11.6833333333333,1742,627,11.7,1426,594,3.17201880942456,3.24104815067164,3.15411952551585,12.1025,1519.13333333333,713.666666666667,-30.666666666667,-86.666666666667,-119.666666666667,-117.333333333334,-237.000000000001,-0.302499999999998,-0.419166666666699,-0.4025,-0.721666666666698,-1.1241666666667,-0.00957708385209566,0.0594522573949923,-0.027476367760805,0.0498751735428966,0.0223988057820916,10,"S36","10_42.3","2012",-0.0429966598749161,0.742862224578857,0.0827603042125702,0.699865564703941,0.782625868916512
"37","S02",2013,1168,"S02","S02_2013",32.89928,-116.5849,14.2833333333333,450,997,13.9083333333333,467,944,13.7666666666667,717,862,2.65321251377534,2.66931688056611,2.8555191556678,13.9913888888889,628.033333333333,1017.53333333333,-20.53333333333,-73.53333333333,-155.53333333333,-94.06666666666,-249.59999999999,0.291944444444399,-0.0830555555556014,-0.224722222222201,0.208888888888797,-0.0158333333334042,-0.144770181074191,-0.128665814283422,0.057536460818266,-0.273435995357612,-0.215899534539346,1,"S02","1_32.9","2013",-0.979796886444092,-0.570622563362122,0.510002851486206,-1.55041944980621,-1.04041659832001
"38","S07",2013,1092,"S07","S07_2013",34.28425,-117.375389,14.8416666666667,377,987,14.3666666666667,409,864,14.1416666666667,730,824,2.57634135020579,2.61172330800734,2.86332286012046,14.5047222222222,649.6,967.033333333333,19.966666666667,-103.033333333333,-143.033333333333,-83.0666666666659,-226.099999999999,0.3369444444445,-0.138055555555502,-0.363055555555501,0.198888888888998,-0.164166666666503,-0.236304666027326,-0.200922708225777,0.0506768438873371,-0.437227374253103,-0.386550530365766,2,"S07","2_34.3","2013",-0.888030290603638,-0.55778968334198,0.716030359268188,-1.44581997394562,-0.729789614677429
"39","S08",2013,1682,"S08","S08_2013",36.69096,-118.909607,10.6833333333333,546,781,10.0666666666667,652,651,9.64166666666667,1147,623,2.73719264270474,2.81424759573192,3.05956341790127,10.0669444444444,969.433333333333,691.4,89.6,-40.4,-68.4,49.2,-19.1999999999999,0.616388888888899,-0.00027777777770055,-0.425277777777731,0.616111111111199,0.190833333333467,-0.249325305871445,-0.172270352844262,0.0730454693250855,-0.421595658715707,-0.348550189390621,4,"S08","4_36.7","2013",-0.836064994335175,-0.518129110336304,1.25245761871338,-1.35419410467148,-0.101736485958099
"40","S10",2013,1288,"S10","S10_2013",36.20081,-118.650917,13.4916666666667,467,872,12.9083333333333,573,740,12.4833333333333,979,723,2.66931688056611,2.75815462196739,2.99078269180314,12.8841666666667,860.833333333333,803.3,68.7,-63.3,-80.3,5.40000000000009,-74.8999999999999,0.6075,0.0241666666666003,-0.400833333333399,0.6316666666666,0.230833333333202,-0.265602194905883,-0.176764453504606,0.0558636163311421,-0.442366648410489,-0.386503032079347,3,"S10","3_36.2","2013",-0.929113626480102,-0.322444051504135,1.18173742294312,-1.25155767798424,-0.0698202550411224
"41","S11",2013,1990,"S11","S11_2013",34.07808,-116.87558,9.025,529,730,8.6,563,614,8.36666666666667,907,633,2.72345567203519,2.75050839485135,2.9576072870601,8.65444444444444,782.2,763.366666666667,-33.366666666667,-149.366666666667,-130.366666666667,-182.733333333334,-313.100000000001,0.37055555555556,-0.0544444444444405,-0.28777777777777,0.31611111111112,0.0283333333333502,-0.169862139580926,-0.142809416764766,0.0642894754439833,-0.312671556345692,-0.248382080901708,12,"S11","12_34.1","2013",-0.758017361164093,-0.353682160377502,0.639967262744904,-1.1116995215416,-0.471732258796692
"42","S15",2013,1168,"S15","S15_2013",43.37876,-122.952072,10.8333333333333,2606,331,10.0416666666667,2479,357,9.88333333333333,3008,336,3.41597441137657,3.39427652676782,3.4782778319196,10.2619444444444,2547.8,333.033333333333,-2.03333333333302,23.966666666667,2.96666666666698,21.933333333334,24.9000000000009,0.571388888888901,-0.220277777777699,-0.37861111111107,0.351111111111202,-0.0274999999998684,0.00980907810001286,-0.0118888065087317,0.0721124986430515,-0.00207972840871884,0.0700327702343326,11,"S15","11_43.4","2013",0.1042250841856,-0.00843239761888981,1.11125934123993,0.0957926865667105,1.20705202780664
"43","S16",2013,1092,"S16","S16_2013",41.80979,-123.118874,11.7916666666667,894,640,11.1083333333333,905,619,10.9,1092,565,2.95133751879592,2.9566485792052,3.03822263836872,11.1744444444444,966.1,655.066666666667,-15.0666666666669,-36.066666666667,-90.066666666667,-51.1333333333339,-141.200000000001,0.617222222222299,-0.0661111111111001,-0.2744444444444,0.551111111111199,0.276666666666799,-0.0336845633136171,-0.0283735029043317,0.0532005562591835,-0.0620580662179488,-0.00885750995876533,9,"S16","9_41.8","2013",-0.368446826934814,-0.263492614030838,0.638083934783936,-0.631939440965652,0.00614449381828308
"44","S17",2013,680,"S17","S17_2013",41.66546,-123.113411,13.0666666666667,170,1038,12.425,156,973,12.2,182,926,2.23044892137827,2.19312459835446,2.26007138798507,12.4708333333333,173.266666666667,996.4,41.6,-23.4,-70.4,18.2,-52.1999999999999,0.595833333333401,-0.0458333333332988,-0.2708333333333,0.550000000000102,0.279166666666802,-0.008266099067058,-0.0455904220908705,0.0213563675397426,-0.0538565211579285,-0.0325001536181859,8,"S17","8_41.7","2013",-0.368446826934814,-0.263492614030838,0.638083934783936,-0.631939440965652,0.00614449381828308
"45","S18",2013,1593,"S18","S18_2013",39.74298,-120.70401,9.28333333333333,1036,674,8.84166666666667,881,671,8.475,1671,548,3.01535975540921,2.94497590841205,3.22297644989339,8.71388888888889,1361.56666666667,633.466666666667,40.533333333333,37.533333333333,-85.466666666667,78.0666666666659,-7.40000000000111,0.569444444444439,0.12777777777778,-0.238888888888891,0.697222222222219,0.458333333333329,-0.118679155236754,-0.189063002233921,0.0889375392474228,-0.307742157470675,-0.218804618223253,7,"S18","7_39.7","2013",-0.682471871376038,-0.942047834396362,1.13096833229065,-1.6245197057724,-0.49355137348175
"46","S29",2013,440,"S29","S29_2013",39.39442,-121.083023,16.2416666666667,1107,928,15.7083333333333,960,851,15.3666666666667,1689,774,3.04414762087872,2.98227123303957,3.22762964957101,15.5572222222222,1412.4,854.833333333333,73.166666666667,-3.83333333333303,-80.833333333333,69.3333333333339,-11.4999999999991,0.6844444444445,0.151111111111101,-0.1905555555555,0.835555555555601,0.645000000000101,-0.105810088012337,-0.167686475851491,0.0776719406799491,-0.273496563863828,-0.195824623183879,6,"S29","6_39.4","2013",-0.891039669513702,-0.964013934135437,0.85214638710022,-1.85505360364914,-1.00290721654892
"47","S32",2013,1214,"S32","S32_2013",37.539,-119.653999,13.1583333333333,671,930,12.5416666666667,701,788,12.125,1331,731,2.82672252016899,2.84571801796666,3.12417805547468,12.3713888888889,1059.66666666667,807.6,122.4,-19.6,-76.6,102.8,26.1999999999999,0.7869444444444,0.1702777777778,-0.2463888888889,0.9572222222222,0.7108333333333,-0.19844675302612,-0.179451255228453,0.0990087822795633,-0.377898008254573,-0.27888922597501,5,"S32","5_37.5","2013",-0.787822067737579,0.291123420000076,1.64948976039886,-0.496698647737503,1.15279111266136
"48","S36",2013,393,"S36","S36_2013",42.27411,-123.636169,12.5666666666667,1427,665,11.8,1486,683,11.6833333333333,1742,627,3.15442397311465,3.17201880942456,3.24104815067164,12.1025,1519.13333333333,713.666666666667,-48.666666666667,-30.666666666667,-86.666666666667,-79.3333333333339,-166.000000000001,0.464166666666701,-0.302499999999998,-0.419166666666699,0.161666666666703,-0.257499999999997,-0.0271719201620049,-0.00957708385209566,0.0594522573949923,-0.0367490040141005,0.0227032533808917,10,"S36","10_42.3","2013",-0.29145610332489,-0.0429966598749161,0.742862224578857,-0.334452763199806,0.408409461379051
"49","S02",2014,1168,"S02","S02_2014",32.89928,-116.5849,15.2166666666667,345,1051,14.2833333333333,450,997,13.9083333333333,467,944,2.53781909507327,2.65321251377534,2.66931688056611,13.9913888888889,628.033333333333,1017.53333333333,33.46666666667,-20.53333333333,-73.53333333333,12.93333333334,-60.59999999999,1.2252777777778,0.291944444444399,-0.0830555555556014,1.5172222222222,1.4341666666666,-0.26016359977626,-0.144770181074191,-0.128665814283422,-0.404933780850451,-0.533599595133873,1,"S02","1_32.9","2014",-1.71235299110413,-0.979796886444092,-0.570622563362122,-2.69214987754822,-3.26277244091034
"50","S07",2014,1092,"S07","S07_2014",34.28425,-117.375389,15.7333333333333,284,1042,14.8416666666667,377,987,14.3666666666667,409,864,2.45331834004704,2.57634135020579,2.61172330800734,14.5047222222222,649.6,967.033333333333,74.966666666667,19.966666666667,-103.033333333333,94.9333333333341,-8.09999999999889,1.2286111111111,0.3369444444445,-0.138055555555502,1.5655555555556,1.4275000000001,-0.359327676186081,-0.236304666027326,-0.200922708225777,-0.595632342213407,-0.796555050439184,2,"S07","2_34.3","2014",-1.68500936031342,-0.888030290603638,-0.55778968334198,-2.57303965091705,-3.13082933425903
"51","S08",2014,1682,"S08","S08_2014",36.69096,-118.909607,11.325,452,755,10.6833333333333,546,781,10.0666666666667,652,651,2.65513843481138,2.73719264270474,2.81424759573192,10.0669444444444,969.433333333333,691.4,63.6,89.6,-40.4,153.2,112.8,1.2580555555556,0.616388888888899,-0.00027777777770055,1.8744444444445,1.8741666666668,-0.3313795137648,-0.249325305871445,-0.172270352844262,-0.580704819636245,-0.752975172480507,4,"S08","4_36.7","2014",-1.81904125213623,-0.836064994335175,-0.518129110336304,-2.6551062464714,-3.17323535680771
"52","S10",2014,1288,"S10","S10_2014",36.20081,-118.650917,14.1416666666667,392,871,13.4916666666667,467,872,12.9083333333333,573,740,2.59328606702046,2.66931688056611,2.75815462196739,12.8841666666667,860.833333333333,803.3,67.7,68.7,-63.3,136.4,73.1000000000001,1.2575,0.6075,0.0241666666666003,1.865,1.8891666666666,-0.341633008451538,-0.265602194905883,-0.176764453504606,-0.607235203357422,-0.783999656862028,3,"S10","3_36.2","2014",-1.79878914356232,-0.929113626480102,-0.322444051504135,-2.72790277004242,-3.05034682154655
"53","S11",2014,1990,"S11","S11_2014",34.07808,-116.87558,9.9,388,824,9.025,529,730,8.6,563,614,2.58883172559421,2.72345567203519,2.75050839485135,8.65444444444444,782.2,763.366666666667,60.633333333333,-33.366666666667,-149.366666666667,27.266666666666,-122.100000000001,1.24555555555556,0.37055555555556,-0.0544444444444405,1.61611111111112,1.56166666666668,-0.304486086021905,-0.169862139580926,-0.142809416764766,-0.474348225602831,-0.617157642367596,12,"S11","12_34.1","2014",-1.43719935417175,-0.758017361164093,-0.353682160377502,-2.19521671533585,-2.54889887571335
"54","S15",2014,1168,"S15","S15_2014",43.37876,-122.952072,10.825,2015,341,10.8333333333333,2606,331,10.0416666666667,2479,357,3.30427505047713,3.41597441137657,3.39427652676782,10.2619444444444,2547.8,333.033333333333,7.96666666666698,-2.03333333333302,23.966666666667,5.93333333333396,29.9000000000009,0.5630555555556,0.571388888888901,-0.220277777777699,1.1344444444445,0.914166666666802,-0.101890282799425,0.00980907810001286,-0.0118888065087317,-0.092081204699412,-0.103970011208144,11,"S15","11_43.4","2014",-1.21776401996613,0.1042250841856,-0.00843239761888981,-1.11353893578053,-1.12197133339942
"55","S16",2014,1092,"S16","S16_2014",41.80979,-123.118874,11.925,684,723,11.7916666666667,894,640,11.1083333333333,905,619,2.83505610172012,2.95133751879592,2.9566485792052,11.1744444444444,966.1,655.066666666667,67.933333333333,-15.0666666666669,-36.066666666667,52.8666666666661,16.7999999999992,0.7505555555556,0.617222222222299,-0.0661111111111001,1.3677777777779,1.3016666666668,-0.149965980389419,-0.0336845633136171,-0.0283735029043317,-0.183650543703036,-0.212024046607368,9,"S16","9_41.8","2014",-1.43765187263489,-0.368446826934814,-0.263492614030838,-1.8060986995697,-2.06959131360054
"56","S17",2014,680,"S17","S17_2014",41.66546,-123.113411,13.2166666666667,105,1067,13.0666666666667,170,1038,12.425,156,973,2.02118929906994,2.23044892137827,2.19312459835446,12.4708333333333,173.266666666667,996.4,70.6,41.6,-23.4,112.2,88.8000000000001,0.745833333333401,0.595833333333401,-0.0458333333332988,1.3416666666668,1.2958333333335,-0.217525721375394,-0.008266099067058,-0.0455904220908705,-0.225791820442452,-0.271382242533322,8,"S17","8_41.7","2014",-1.43765187263489,-0.368446826934814,-0.263492614030838,-1.8060986995697,-2.06959131360054
"57","S18",2014,1593,"S18","S18_2014",39.74298,-120.70401,9.7,764,677,9.28333333333333,1036,674,8.84166666666667,881,671,2.88309335857569,3.01535975540921,2.94497590841205,8.71388888888889,1361.56666666667,633.466666666667,43.533333333333,40.533333333333,37.533333333333,84.0666666666659,121.599999999999,0.986111111111109,0.569444444444439,0.12777777777778,1.55555555555555,1.68333333333333,-0.250945552070279,-0.118679155236754,-0.189063002233921,-0.369624707307033,-0.558687709540954,7,"S18","7_39.7","2014",-1.44095611572266,-0.682471871376038,-0.942047834396362,-2.12342798709869,-3.06547582149506
"58","S29",2014,440,"S29","S29_2014",39.39442,-121.083023,16.6666666666667,743,914,16.2416666666667,1107,928,15.7083333333333,960,851,2.87098881376058,3.04414762087872,2.98227123303957,15.5572222222222,1412.4,854.833333333333,59.166666666667,73.166666666667,-3.83333333333303,132.333333333334,128.500000000001,1.1094444444445,0.6844444444445,0.151111111111101,1.793888888889,1.9450000000001,-0.278968895130484,-0.105810088012337,-0.167686475851491,-0.384778983142821,-0.552465458994313,6,"S29","6_39.4","2014",-1.78714179992676,-0.891039669513702,-0.964013934135437,-2.67818146944046,-3.6421954035759
"59","S32",2014,1214,"S32","S32_2014",37.539,-119.653999,13.7416666666667,510,882,13.1583333333333,671,930,12.5416666666667,701,788,2.70757017609794,2.82672252016899,2.84571801796666,12.3713888888889,1059.66666666667,807.6,74.4,122.4,-19.6,196.8,177.2,1.3702777777778,0.7869444444444,0.1702777777778,2.1572222222222,2.3275,-0.317599097097176,-0.19844675302612,-0.179451255228453,-0.516045850123295,-0.695497105351749,5,"S32","5_37.5","2014",-1.85744953155518,-0.787822067737579,0.291123420000076,-2.64527159929276,-2.35414817929268
"60","S36",2014,393,"S36","S36_2014",42.27411,-123.636169,12.6583333333333,1134,786,12.5666666666667,1427,665,11.8,1486,683,3.05461305455689,3.15442397311465,3.17201880942456,12.1025,1519.13333333333,713.666666666667,72.333333333333,-48.666666666667,-30.666666666667,23.6666666666661,-7.00000000000091,0.5558333333333,0.464166666666701,-0.302499999999998,1.02,0.717500000000003,-0.126982838719764,-0.0271719201620049,-0.00957708385209566,-0.154154758881769,-0.163731842733865,10,"S36","10_42.3","2014",-1.37744677066803,-0.29145610332489,-0.0429966598749161,-1.66890287399292,-1.71189953386784
"61","S02",2015,1168,"S02","S02_2015",32.89928,-116.5849,15.6,502,1103,15.2166666666667,345,1051,14.2833333333333,450,997,2.70070371714502,2.53781909507327,2.65321251377534,13.9913888888889,628.033333333333,1017.53333333333,85.46666666667,33.46666666667,-20.53333333333,118.93333333334,98.40000000001,1.6086111111111,1.2252777777778,0.291944444444399,2.8338888888889,3.1258333333333,-0.0972789777045149,-0.26016359977626,-0.144770181074191,-0.357442577480775,-0.502212758554966,1,"S02","1_32.9","2015",-1.32143545150757,-1.71235299110413,-0.979796886444092,-3.03378844261169,-4.01358532905579
"62","S07",2015,1092,"S07","S07_2015",34.28425,-117.375389,16.0833333333333,487,1014,15.7333333333333,284,1042,14.8416666666667,377,987,2.68752896121463,2.45331834004704,2.57634135020579,14.5047222222222,649.6,967.033333333333,46.966666666667,74.966666666667,19.966666666667,121.933333333334,141.900000000001,1.5786111111111,1.2286111111111,0.3369444444445,2.8072222222222,3.1441666666667,-0.125117055018484,-0.359327676186081,-0.236304666027326,-0.484444731204566,-0.720749397231891,2,"S07","2_34.3","2015",-0.87846302986145,-1.68500936031342,-0.888030290603638,-2.56347239017487,-3.4515026807785
"63","S08",2015,1682,"S08","S08_2015",36.69096,-118.909607,11.7833333333333,677,703,11.325,452,755,10.6833333333333,546,781,2.83058866868514,2.65513843481138,2.73719264270474,10.0669444444444,969.433333333333,691.4,11.6,63.6,89.6,75.2,164.8,1.7163888888889,1.2580555555556,0.616388888888899,2.9744444444445,3.5908333333334,-0.155929279891038,-0.3313795137648,-0.249325305871445,-0.487308793655838,-0.736634099527283,4,"S08","4_36.7","2015",-0.572997868061066,-1.81904125213623,-0.836064994335175,-2.3920391201973,-3.22810411453247
"64","S10",2015,1288,"S10","S10_2015",36.20081,-118.650917,14.55,603,809,14.1416666666667,392,871,13.4916666666667,467,872,2.78031731214015,2.59328606702046,2.66931688056611,12.8841666666667,860.833333333333,803.3,5.70000000000005,67.7,68.7,73.4000000000001,142.1,1.6658333333333,1.2575,0.6075,2.9233333333333,3.5308333333333,-0.154601763331844,-0.341633008451538,-0.265602194905883,-0.496234771783383,-0.761836966689266,3,"S10","3_36.2","2015",-0.725175499916077,-1.79878914356232,-0.929113626480102,-2.52396464347839,-3.4530782699585
"65","S11",2015,1990,"S11","S11_2015",34.07808,-116.87558,10.2666666666667,672,726,9.9,388,824,9.025,529,730,2.82736927305383,2.58883172559421,2.72345567203519,8.65444444444444,782.2,763.366666666667,-37.366666666667,60.633333333333,-33.366666666667,23.266666666666,-10.100000000001,1.61222222222226,1.24555555555556,0.37055555555556,2.85777777777782,3.22833333333338,-0.0659485385622864,-0.304486086021905,-0.169862139580926,-0.370434624584191,-0.540296764165117,12,"S11","12_34.1","2015",-0.612575829029083,-1.43719935417175,-0.758017361164093,-2.04977518320084,-2.80779254436493
"66","S15",2015,1168,"S15","S15_2015",43.37876,-122.952072,12.1416666666667,2082,492,10.825,2015,341,10.8333333333333,2606,331,3.31848072517452,3.30427505047713,3.41597441137657,10.2619444444444,2547.8,333.033333333333,158.966666666667,7.96666666666698,-2.03333333333302,166.933333333334,164.900000000001,1.8797222222223,0.5630555555556,0.571388888888901,2.4427777777779,3.0141666666668,-0.0876846081020357,-0.101890282799425,0.00980907810001286,-0.18957489090146,-0.179765812801448,11,"S15","11_43.4","2015",-1.22249329090118,-1.21776401996613,0.1042250841856,-2.44025731086731,-2.33603222668171
"67","S16",2015,1092,"S16","S16_2015",41.80979,-123.118874,13.175,803,740,11.925,684,723,11.7916666666667,894,640,2.90471554527868,2.83505610172012,2.95133751879592,11.1744444444444,966.1,655.066666666667,84.933333333333,67.933333333333,-15.0666666666669,152.866666666666,137.799999999999,2.0005555555556,0.7505555555556,0.617222222222299,2.7511111111112,3.3683333333335,-0.0803065368308542,-0.149965980389419,-0.0336845633136171,-0.230272517220273,-0.26395708053389,9,"S16","9_41.8","2015",-0.954249262809753,-1.43765187263489,-0.368446826934814,-2.39190113544464,-2.76034796237946
"68","S17",2015,680,"S17","S17_2015",41.66546,-123.113411,14.4666666666667,129,1112,13.2166666666667,105,1067,13.0666666666667,170,1038,2.11058971029925,2.02118929906994,2.23044892137827,12.4708333333333,173.266666666667,996.4,115.6,70.6,41.6,186.2,227.8,1.9958333333334,0.745833333333401,0.595833333333401,2.7416666666668,3.3375000000002,-0.128125310146083,-0.217525721375394,-0.008266099067058,-0.345651031521477,-0.353917130588535,8,"S17","8_41.7","2015",-0.954249262809753,-1.43765187263489,-0.368446826934814,-2.39190113544464,-2.76034796237946
"69","S18",2015,1593,"S18","S18_2015",39.74298,-120.70401,10.6833333333333,1006,691,9.7,764,677,9.28333333333333,1036,674,3.00259798071991,2.88309335857569,3.01535975540921,8.71388888888889,1361.56666666667,633.466666666667,57.533333333333,43.533333333333,40.533333333333,101.066666666666,141.599999999999,1.96944444444441,0.986111111111109,0.569444444444439,2.95555555555552,3.52499999999996,-0.13144092992606,-0.250945552070279,-0.118679155236754,-0.382386481996339,-0.501065637233093,7,"S18","7_39.7","2015",-0.915021002292633,-1.44095611572266,-0.682471871376038,-2.35597711801529,-3.03844898939133
"70","S29",2015,440,"S29","S29_2015",39.39442,-121.083023,17.5833333333333,1077,948,16.6666666666667,743,914,16.2416666666667,1107,928,3.03221570329798,2.87098881376058,3.04414762087872,15.5572222222222,1412.4,854.833333333333,93.166666666667,59.166666666667,73.166666666667,152.333333333334,225.500000000001,2.0261111111111,1.1094444444445,0.6844444444445,3.1355555555556,3.8200000000001,-0.117742005593078,-0.278968895130484,-0.105810088012337,-0.396710900723563,-0.502520988735899,6,"S29","6_39.4","2015",-1.15894889831543,-1.78714179992676,-0.891039669513702,-2.94609069824219,-3.83713036775589
"71","S32",2015,1214,"S32","S32_2015",37.539,-119.653999,14.225,755,872,13.7416666666667,510,882,13.1583333333333,671,930,2.87794695162919,2.70757017609794,2.82672252016899,12.3713888888889,1059.66666666667,807.6,64.4,74.4,122.4,138.8,261.2,1.8536111111111,1.3702777777778,0.7869444444444,3.2238888888889,4.0108333333333,-0.147222321565923,-0.317599097097176,-0.19844675302612,-0.464821418663099,-0.663268171689219,5,"S32","5_37.5","2015",-1.39419627189636,-1.85744953155518,-0.787822067737579,-3.25164580345154,-4.03946787118912
"72","S36",2015,393,"S36","S36_2015",42.27411,-123.636169,13.95,1288,840,12.6583333333333,1134,786,12.5666666666667,1427,665,3.10991586302379,3.05461305455689,3.15442397311465,12.1025,1519.13333333333,713.666666666667,126.333333333333,72.333333333333,-48.666666666667,198.666666666666,149.999999999999,1.8475,0.5558333333333,0.464166666666701,2.4033333333333,2.8675,-0.0716800302528586,-0.126982838719764,-0.0271719201620049,-0.198662868972623,-0.225834789134628,10,"S36","10_42.3","2015",-0.92888617515564,-1.37744677066803,-0.29145610332489,-2.30633294582367,-2.59778904914856
"73","S02",2016,1168,"S02","S02_2016",32.89928,-116.5849,14.8583333333333,450,1036,15.6,502,1103,15.2166666666667,345,1051,2.65321251377534,2.70070371714502,2.53781909507327,13.9913888888889,628.033333333333,1017.53333333333,18.46666666667,85.46666666667,33.46666666667,103.93333333334,137.40000000001,0.8669444444444,1.6086111111111,1.2252777777778,2.4755555555555,3.7008333333333,-0.144770181074191,-0.0972789777045149,-0.26016359977626,-0.242049158778705,-0.502212758554966,1,"S02","1_32.9","2016",-1.25997924804688,-1.32143545150757,-1.71235299110413,-2.58141469955444,-4.29376769065857
"74","S07",2016,1092,"S07","S07_2016",34.28425,-117.375389,15.3416666666667,381,1017,16.0833333333333,487,1014,15.7333333333333,284,1042,2.58092497567562,2.68752896121463,2.45331834004704,14.5047222222222,649.6,967.033333333333,49.966666666667,46.966666666667,74.966666666667,96.9333333333341,171.900000000001,0.8369444444445,1.5786111111111,1.2286111111111,2.4155555555556,3.6441666666667,-0.231721040557499,-0.125117055018484,-0.359327676186081,-0.356838095575984,-0.716165771762065,2,"S07","2_34.3","2016",-1.07162654399872,-0.87846302986145,-1.68500936031342,-1.95008957386017,-3.63509893417358
"75","S08",2016,1682,"S08","S08_2016",36.69096,-118.909607,10.95,1006,675,11.7833333333333,677,703,11.325,452,755,3.00259798071991,2.83058866868514,2.65513843481138,10.0669444444444,969.433333333333,691.4,-16.4,11.6,63.6,-4.79999999999995,58.8000000000001,0.883055555555599,1.7163888888889,1.2580555555556,2.5994444444445,3.8575000000001,0.0160800321437264,-0.155929279891038,-0.3313795137648,-0.139849247747311,-0.471228761512112,4,"S08","4_36.7","2016",0.0375967063009739,-0.572997868061066,-1.81904125213623,-0.535401161760092,-2.35444241389632
"76","S10",2016,1288,"S10","S10_2016",36.20081,-118.650917,13.7833333333333,806,800,14.55,603,809,14.1416666666667,392,871,2.90633504180509,2.78031731214015,2.59328606702046,12.8841666666667,860.833333333333,803.3,-3.29999999999995,5.70000000000005,67.7,2.40000000000009,70.1000000000001,0.8991666666666,1.6658333333333,1.2575,2.5649999999999,3.8224999999999,-0.0285840336669048,-0.154601763331844,-0.341633008451538,-0.183185796998749,-0.524818805450288,3,"S10","3_36.2","2016",-0.166724696755409,-0.725175499916077,-1.79878914356232,-0.891900196671486,-2.6906893402338
"77","S11",2016,1990,"S11","S11_2016",34.07808,-116.87558,9.53333333333333,495,766,10.2666666666667,672,726,9.9,388,824,2.69460519893357,2.82736927305383,2.58883172559421,8.65444444444444,782.2,763.366666666667,2.63333333333298,-37.366666666667,60.633333333333,-34.733333333334,25.899999999999,0.87888888888889,1.61222222222226,1.24555555555556,2.49111111111115,3.73666666666671,-0.198712612682543,-0.0659485385622864,-0.304486086021905,-0.264661151244829,-0.569147237266734,12,"S11","12_34.1","2016",-1.07750999927521,-0.612575829029083,-1.43719935417175,-1.69008582830429,-3.12728518247604
"78","S15",2016,1168,"S15","S15_2016",43.37876,-122.952072,11.7,2881,435,12.1416666666667,2082,492,10.825,2015,341,3.45954325828041,3.31848072517452,3.30427505047713,10.2619444444444,2547.8,333.033333333333,101.966666666667,158.966666666667,7.96666666666698,260.933333333334,268.900000000001,1.4380555555556,1.8797222222223,0.5630555555556,3.3177777777779,3.8808333333335,0.05337792500386,-0.0876846081020357,-0.101890282799425,-0.0343066830981757,-0.136196965897601,11,"S15","11_43.4","2016",0.457469403743744,-1.22249329090118,-1.21776401996613,-0.76502388715744,-1.98278790712357
"79","S16",2016,1092,"S16","S16_2016",41.80979,-123.118874,12.5833333333333,1141,747,13.175,803,740,11.925,684,723,3.05728564441821,2.90471554527868,2.83505610172012,11.1744444444444,966.1,655.066666666667,91.933333333333,84.933333333333,67.933333333333,176.866666666666,244.799999999999,1.4088888888889,2.0005555555556,0.7505555555556,3.4094444444445,4.1600000000001,0.0722635623086796,-0.0803065368308542,-0.149965980389419,-0.00804297452217462,-0.158008954911594,9,"S16","9_41.8","2016",0.451564759016037,-0.954249262809753,-1.43765187263489,-0.502684503793716,-1.9403363764286
"80","S17",2016,680,"S17","S17_2016",41.66546,-123.113411,13.8666666666667,181,1061,14.4666666666667,129,1112,13.2166666666667,105,1067,2.25767857486918,2.11058971029925,2.02118929906994,12.4708333333333,173.266666666667,996.4,64.6,115.6,70.6,180.2,250.8,1.3958333333334,1.9958333333334,0.745833333333401,3.3916666666668,4.1375000000002,0.0189635544238524,-0.128125310146083,-0.217525721375394,-0.109161755722231,-0.326687477097625,8,"S17","8_41.7","2016",0.451564759016037,-0.954249262809753,-1.43765187263489,-0.502684503793716,-1.9403363764286
"81","S18",2016,1593,"S18","S18_2016",39.74298,-120.70401,9.875,1600,633,10.6833333333333,1006,691,9.7,764,677,3.20411998265592,3.00259798071991,2.88309335857569,8.71388888888889,1361.56666666667,633.466666666667,-0.466666666667038,57.533333333333,43.533333333333,57.0666666666659,100.599999999999,1.16111111111111,1.96944444444441,0.986111111111109,3.13055555555552,4.11666666666663,0.0700810720099558,-0.13144092992606,-0.250945552070279,-0.0613598579161043,-0.312305409986383,7,"S18","7_39.7","2016",0.452547371387482,-0.915021002292633,-1.44095611572266,-0.462473630905151,-1.90342974662781
"82","S29",2016,440,"S29","S29_2016",39.39442,-121.083023,16.75,1603,840,17.5833333333333,1077,948,16.6666666666667,743,914,3.20493352235414,3.03221570329798,2.87098881376058,15.5572222222222,1412.4,854.833333333333,-14.833333333333,93.166666666667,59.166666666667,78.3333333333339,137.500000000001,1.1927777777778,2.0261111111111,1.1094444444445,3.2188888888889,4.3283333333334,0.0549758134630851,-0.117742005593078,-0.278968895130484,-0.0627661921299931,-0.341735087260477,6,"S29","6_39.4","2016",0.287275165319443,-1.15894889831543,-1.78714179992676,-0.871673732995987,-2.65881553292274
"83","S32",2016,1214,"S32","S32_2016",37.539,-119.653999,13.3916666666667,1222,805,14.225,755,872,13.7416666666667,510,882,3.08707120590654,2.87794695162919,2.70757017609794,12.3713888888889,1059.66666666667,807.6,-2.60000000000002,64.4,74.4,61.8,136.2,1.0202777777778,1.8536111111111,1.3702777777778,2.8738888888889,4.2441666666667,0.0619019327114234,-0.147222321565923,-0.317599097097176,-0.0853203888545,-0.402919485951676,5,"S32","5_37.5","2016",-0.275677919387817,-1.39419627189636,-1.85744953155518,-1.66987419128418,-3.52732372283936
"84","S36",2016,393,"S36","S36_2016",42.27411,-123.636169,13.4583333333333,1796,829,13.95,1288,840,12.6583333333333,1134,786,3.25430633233129,3.10991586302379,3.05461305455689,12.1025,1519.13333333333,713.666666666667,115.333333333333,126.333333333333,72.333333333333,241.666666666666,313.999999999999,1.3558333333333,1.8475,0.5558333333333,3.2033333333333,3.7591666666666,0.0727104390546338,-0.0716800302528586,-0.126982838719764,0.00103040880177518,-0.125952429917989,10,"S36","10_42.3","2016",0.560627996921539,-0.92888617515564,-1.37744677066803,-0.3682581782341,-1.74570494890213
